{"predicted":{"5":[0.5158986344870266],"56":[0.370200801678918],"35":[0.564922454689442],"55":[0.3468201564106449],"60":[0.5758874563068105],"30":[0.2754145375623535],"32":[0.4687074696235139],"6":[0.7673054271464603],"45":[0.45426236896749594],"4":[0.12960714506337678],"13":[0.6671027714014397],"54":[0.7326367103208824],"58":[0.588282086692701],"52":[0.3876522304373303],"12":[0.5146563821033582],"28":[0.753968459337164],"23":[0.18657031141589542],"41":[0.44077867318876973],"43":[0.13541801023466532],"11":[0.4212963652212509],"36":[0.6441781570402749],"39":[0.8083748295061567],"7":[0.20807554712408355],"25":[0.5436752183653861],"34":[0.2537363595460312],"50":[0.451885374214297],"59":[0.5137284526651116],"2":[0.6088453973309186],"10":[0.8956467602675044],"18":[0.25707994835027465],"26":[0.12300277820476593],"27":[0.23451887381337982],"42":[0.4063272497736641],"16":[0.4460663248791633],"20":[0.2567247382809497],"19":[0.6144439155206525],"49":[0.47719359135754236],"44":[0.4205945776699548],"9":[0.5543217976752008],"31":[0.1935385803369578],"29":[0.6081353533105884],"46":[0.623444029002205],"57":[0.5500809981850215],"21":[0.41994343409740553],"38":[0.5070893544263557],"24":[0.2694345356406551],"8":[0.5320914450211494],"17":[0.5008508441745936],"37":[0.25023803036120973],"53":[0.7255766939568191],"22":[0.7032796227449498],"47":[0.42877036573728594],"14":[0.5940789695487538],"3":[0.324497402350451],"51":[0.19165482350310326],"33":[0.44769456533254903],"40":[0.3198176920256113],"48":[0.5581599047936566],"15":[0.45172293969556176]}}