{"predicted":{"5":[0.03738430984681414],"56":[0.25540740274449136],"35":[0.3054487164244623],"55":[0.5594020632939085],"60":[0.6599235285556837],"30":[0.7448391827360401],"32":[0.40297204946595416],"6":[0.5558782509658324],"45":[0.19647600468168114],"4":[0.4720686723398664],"13":[0.5432332926647178],"54":[0.6114762001738618],"58":[0.1379171163586429],"52":[0.5979058140502743],"12":[0.5723088258084925],"28":[0.25654329453319186],"23":[0.5414334525939242],"41":[0.37845502294597394],"43":[0.3671851746876911],"11":[0.4419545804246827],"36":[0.7240946271982952],"39":[0.5892108838144161],"7":[0.04850513934503782],"25":[0.6895579317299959],"34":[0.35319230081338987],"50":[0.602475858927568],"59":[0.5591406046631321],"2":[0.511019178598649],"10":[0.10518170318272102],"18":[0.48113117674947037],"26":[0.36847085790383816],"27":[0.5084707703066137],"42":[0.5909892115248977],"16":[0.4452922707628859],"20":[0.347062225198954],"19":[0.536043665036634],"49":[0.41587004489098106],"44":[0.4274171175252094],"9":[0.9703405896995427],"31":[0.6927981008701396],"29":[0.7367273856216343],"46":[0.4791558516088509],"57":[0.3505936562486215],"21":[0.6494489955936351],"38":[0.7269886851465038],"24":[0.74950328943034],"8":[0.9371879991014944],"17":[0.34343670067529697],"37":[0.35065304176867995],"53":[0.6457933133173075],"22":[0.4943661463212411],"47":[0.5806822483404233],"14":[0.131648515059757],"3":[0.4945352755098281],"51":[0.20699903565797825],"33":[0.21992971662710672],"40":[0.6741702872693555],"48":[0.4929740234331904],"15":[0.4642780727661026]}}