{"predicted":{"5":[0.3944386250929343],"56":[0.6796436974498427],"35":[0.4759231875476878],"55":[0.2232402180942476],"60":[0.5991167912782519],"30":[0.5846535094508205],"32":[0.5200722717510906],"6":[0.29189144854974525],"45":[0.6144860509447391],"4":[0.6828720936047978],"13":[0.6572101728163262],"54":[0.37709419008215017],"58":[0.31055749949969047],"52":[0.6803091242099509],"12":[0.33909229708013205],"28":[0.334940175841849],"23":[0.6082920651832713],"41":[0.4401175848111035],"43":[0.31589919760116025],"11":[0.47624654846190073],"36":[0.6245694887706514],"39":[0.7987083101005095],"7":[0.6460872098003457],"25":[0.6584319978015214],"34":[0.48480765180976404],"50":[0.25857767480574706],"59":[0.3449600220020165],"2":[0.7388981313808964],"10":[0.7567602132998377],"18":[0.5800971044588297],"26":[0.411090650636863],"27":[0.49268194625205797],"42":[0.4475987719356682],"16":[0.7100403011068445],"20":[0.6246981046356566],"19":[0.3196980642486399],"49":[0.7071315516488641],"44":[0.8592154215046903],"9":[0.4930927146837152],"31":[0.35873360516675984],"29":[0.39789020627709093],"46":[0.4451994612190435],"57":[0.5177571414188189],"21":[0.14593311897935463],"38":[0.4417963578827942],"24":[0.7049589288459517],"8":[0.4438270848967941],"17":[0.7190653053927594],"37":[0.2978311815449443],"53":[0.5876528482108354],"22":[0.6397271657171084],"47":[0.682656050127932],"14":[0.5152517580598391],"3":[0.5018768151341838],"51":[0.1525266574773827],"33":[0.5597038152742356],"40":[0.49164556632491285],"48":[0.6661796431998603],"15":[0.3286958526731783]}}