{"predicted":{"5":[0.10446024183523277],"56":[0.6609090080848653],"35":[0.566110967749462],"55":[0.7044858809785596],"60":[0.2261243974151962],"30":[0.289848411882806],"32":[0.6612587502074756],"6":[0.29619631461176293],"45":[0.6218208898384847],"4":[0.5276528431645682],"13":[0.4773731458936793],"54":[0.4246487868790443],"58":[0.4778140502987003],"52":[0.6816123330672296],"12":[0.863476467683042],"28":[0.5732816243738554],"23":[0.2257007503424754],"41":[0.6020426978300092],"43":[0.5189979324730369],"11":[0.6917937807041212],"36":[0.3576039569846611],"39":[0.697297267568144],"7":[0.7866535038560742],"25":[0.5396081835053718],"34":[0.44826890435911515],"50":[0.69935834381742],"59":[0.32631568606655736],"2":[0.5427428605043767],"10":[0.3843419796946971],"18":[0.5282784933719986],"26":[0.5310910272608642],"27":[0.6128619194698939],"42":[0.6341671048396922],"16":[0.5463947795640383],"20":[0.646380862709026],"19":[0.2346233214359561],"49":[0.4215836305385814],"44":[0.49937063696947825],"9":[0.6984999850859848],"31":[0.39341468261828705],"29":[0.5809560719788442],"46":[0.7472891350349727],"57":[0.5809051680856061],"21":[0.6785278629795823],"38":[0.6046741882199064],"24":[0.5299718019689657],"8":[0.4516392181928065],"17":[0.5822725792159402],"37":[0.7065365413105694],"53":[0.4251288740799732],"22":[0.7938691456532366],"47":[0.3938587551465318],"14":[0.5347240976800658],"3":[0.20778872813473032],"51":[0.19858323102918699],"33":[0.3078972315554335],"40":[0.3622516326718572],"48":[0.4518743180665561],"15":[0.7791769582624724]}}