{"predicted":{"5":[0.4824628495789011],"56":[0.3528786573940742],"35":[0.8160270484688629],"55":[0.22100930715756648],"60":[0.3828958814639739],"30":[0.5728612355072189],"32":[0.6267976723751152],"6":[0.35756406835224513],"45":[0.2369688681332141],"4":[0.10301934972172253],"13":[0.94261332410065],"54":[0.6866946247485743],"58":[0.5501670124469653],"52":[0.32124453242133794],"12":[0.6364639658436103],"28":[0.811435340714388],"23":[0.30032418545601564],"41":[0.40119974003106595],"43":[0.8510180873986164],"11":[0.3485152806530818],"36":[0.25092503357535134],"39":[0.5137923040930533],"7":[0.6346683220345644],"25":[0.15302342400437455],"34":[0.39757388617878026],"50":[0.3419805291602056],"59":[0.3045885320330178],"2":[0.4969561029624902],"10":[0.9301683982466109],"18":[0.08291956979983611],"26":[0.46537876490982083],"27":[0.5455892735348402],"42":[0.5043878916978887],"16":[0.3789985621469125],"20":[0.5653013431286884],"19":[0.4121140149487986],"49":[0.387697377037585],"44":[0.578348178645818],"9":[0.9557378938399442],"31":[0.4321410213144789],"29":[0.6155315778101733],"46":[0.718369084222698],"57":[0.5058863583471436],"21":[0.5044378012497281],"38":[0.22661560182055349],"24":[0.30641418226330863],"8":[0.9588434110344388],"17":[0.08513751281370868],"37":[0.7299468325943738],"53":[0.5278065491256583],"22":[0.7187665497873121],"47":[0.2903877366903288],"14":[0.38245707430589276],"3":[0.8956220154470556],"51":[0.5833385198859177],"33":[0.5778143169223842],"40":[0.6087703770215365],"48":[0.33850204966993996],"15":[0.3851634310216685]}}