{"predicted":{"5":[0.9771045949620603],"56":[0.26134450830460143],"35":[0.6302267756712161],"55":[0.7050637600095404],"60":[0.5162114353909156],"30":[0.3985019096444234],"32":[0.543269767950759],"6":[0.5050249909950565],"45":[0.6570551951031657],"4":[0.57957463673934],"13":[0.0741894722109378],"54":[0.3640340044030268],"58":[0.7816770960787802],"52":[0.62553495731468],"12":[0.5168537959591427],"28":[0.40422030996347363],"23":[0.45185576239863634],"41":[0.7789131757266288],"43":[0.8017000105643987],"11":[0.24570291665859223],"36":[0.1606774951124672],"39":[0.16508395362855588],"7":[0.5578170866307339],"25":[0.683737947670529],"34":[0.3699460742168903],"50":[0.6422832913665153],"59":[0.26852506079209526],"2":[0.5028313704132857],"10":[0.577882661907458],"18":[0.06526291111964866],"26":[0.6819619113073685],"27":[0.303521904848429],"42":[0.8274691948264064],"16":[0.2799930769449515],"20":[0.6534304621469154],"19":[0.5623082482169524],"49":[0.5298428621271787],"44":[0.41927003406585445],"9":[0.22783058520232513],"31":[0.6817760278806918],"29":[0.3931134462963761],"46":[0.48373750966410073],"57":[0.6878983909516128],"21":[0.63915161896877],"38":[0.7110456187942732],"24":[0.9328146752258818],"8":[0.49246823654924066],"17":[0.9052101727562137],"37":[0.687745016284044],"53":[0.27933971534380064],"22":[0.5992223080394924],"47":[0.13638806092724237],"14":[0.13537179922928838],"3":[0.6055723199678804],"51":[0.6176037549932993],"33":[0.374072611567155],"40":[0.41188949005974795],"48":[0.47094769555603844],"15":[0.8822636514367133]}}