{"predicted":{"5":[0.32472361343411277],"56":[0.36109962826831093],"35":[0.7153280243201724],"55":[0.5756869190601777],"60":[0.22034657813374314],"30":[0.40592106549195967],"32":[0.4049757531443292],"6":[0.8167427702428597],"45":[0.6538680328681299],"4":[0.28387920491320656],"13":[0.5505306376850599],"54":[0.6319421136566324],"58":[0.4681511118166959],"52":[0.685395054885707],"12":[0.12317674437706355],"28":[0.40500894509855423],"23":[0.5310714003142658],"41":[0.5557849835619141],"43":[0.502992252357269],"11":[0.4209723457096598],"36":[0.6083775046472545],"39":[0.652668816436207],"7":[0.14412746099627746],"25":[0.5467257755236934],"34":[0.5879903711680655],"50":[0.3226945848365514],"59":[0.34659386677024845],"2":[0.027294155224758324],"10":[0.24719833396694924],"18":[0.5444222375469833],"26":[0.15928127760681857],"27":[0.8548876317410803],"42":[0.4083585106477627],"16":[0.6767983368253816],"20":[0.4941418543440134],"19":[0.7354967516314233],"49":[0.5739927142374681],"44":[0.5543433498829228],"9":[0.8207712463845163],"31":[0.37883311560593025],"29":[0.42994363354241083],"46":[0.5753188484654371],"57":[0.49787545612351486],"21":[0.48407084863138466],"38":[0.4392901583542228],"24":[0.21546108793455732],"8":[0.7029183636376479],"17":[0.3541550230494625],"37":[0.47043289268545263],"53":[0.7476040354421734],"22":[0.6112036125489733],"47":[0.6677790275312397],"14":[0.3401691446394539],"3":[0.6090719065337399],"51":[0.34387194648472524],"33":[0.47370231038956856],"40":[0.6194562999783845],"48":[0.5733044116709624],"15":[0.2804011441306579]}}