{"predicted":{"5":[0.4971588824613099],"56":[0.7271498335000812],"35":[0.45709929828670937],"55":[0.22596486548153005],"60":[0.5960755366750936],"30":[0.37332426694848175],"32":[0.1610051390282301],"6":[0.2387731331294955],"45":[0.8632448450768871],"4":[0.4849975206387385],"13":[0.9403241779524902],"54":[0.24372884202870737],"58":[0.6876181416003807],"52":[0.14253393236340006],"12":[0.4813235574727234],"28":[0.6443260231991864],"23":[0.6562111500924792],"41":[0.7180219391272507],"43":[0.147646639612316],"11":[0.7832123445749108],"36":[0.9029182872711571],"39":[0.4090139639995703],"7":[0.7598836414437464],"25":[0.6603015924108816],"34":[0.5542731068337006],"50":[0.5416560327272694],"59":[0.42076384464914646],"2":[0.9961300803764662],"10":[0.2112849871817531],"18":[0.6223139787648657],"26":[0.17505492870878314],"27":[0.1970020635819533],"42":[0.5548214549877921],"16":[0.5895170849604364],"20":[0.373336057294653],"19":[0.6255124651701741],"49":[0.5558231101416174],"44":[0.8714156664752021],"9":[0.8730967399008646],"31":[0.617839710339894],"29":[0.3868970882947407],"46":[0.13509806656355194],"57":[0.2125312214079002],"21":[0.05548782337342976],"38":[0.44081671043809323],"24":[0.9122999685970177],"8":[0.7496294808081972],"17":[0.0808724842904446],"37":[0.4024772467284623],"53":[0.6493559622679546],"22":[0.2995540956474585],"47":[0.4566026160603568],"14":[0.6158856738113121],"3":[0.003386379315036267],"51":[0.5272661330154328],"33":[0.452923994529254],"40":[0.8242319274490715],"48":[0.16356057989968953],"15":[0.18276966751558815]}}