{"predicted":{"5":[0.7106947912077493],"56":[0.5608773789320707],"35":[0.27266730015421176],"55":[0.47619381328308624],"60":[0.2711088936922098],"30":[0.6168208096361385],"32":[0.2589867331638746],"6":[0.6842695391436106],"45":[0.39250298277595513],"4":[0.7046715178160605],"13":[0.8552367649337352],"54":[0.6613209027714746],"58":[0.5301423348971165],"52":[0.34793603594729006],"12":[0.8195305585687858],"28":[0.5644911673689004],"23":[0.6113739995033781],"41":[0.7905308394584263],"43":[0.6537775066331126],"11":[0.42044863174331304],"36":[0.3233133430527703],"39":[0.44758528602792086],"7":[0.7046687394094405],"25":[0.2681129949495881],"34":[0.48185890795994946],"50":[0.5937059110111705],"59":[0.25130870300880925],"2":[0.49674511805963856],"10":[0.5089581632102573],"18":[0.42051089014193754],"26":[0.178753821508069],"27":[0.48619125376951433],"42":[0.5646335292945763],"16":[0.13971008376752433],"20":[0.5743390470861185],"19":[0.16892573462850913],"49":[0.3706266489677816],"44":[0.6910255040140528],"9":[0.4646729473626832],"31":[0.7542138896839777],"29":[0.5658704152343474],"46":[0.5776721727102392],"57":[0.7027533028104114],"21":[0.395608205475314],"38":[0.5339352155124693],"24":[0.6802303828212912],"8":[0.842749576655336],"17":[0.2555315064060211],"37":[0.6449609532831158],"53":[0.5537573269449633],"22":[0.7139277454969122],"47":[0.6187166687862997],"14":[0.15549981356658238],"3":[0.19071822715305098],"51":[0.7006973871995706],"33":[0.5067423669647344],"40":[0.7285031305983662],"48":[0.45520432697821045],"15":[0.5243809885733511]}}