{"predicted":{"5":[0.5219716816021138],"56":[0.6741663316847122],"35":[0.523815607713041],"55":[0.4172621425207944],"60":[0.8231563210418906],"30":[0.5318037895257347],"32":[0.1036896063237141],"6":[0.9598214674614245],"45":[0.5788994167226451],"4":[0.5001630416112618],"13":[0.13148964544099173],"54":[0.22170549542861234],"58":[0.6952943599579015],"52":[0.7533376605982753],"12":[0.6503760813763496],"28":[0.5474282230453021],"23":[0.43102105454811973],"41":[0.5989256194304416],"43":[0.4728117187294866],"11":[0.5907701656334879],"36":[0.47321421970492844],"39":[0.5105175878718142],"7":[0.5736461323107778],"25":[0.5336568448356542],"34":[0.5837155522571111],"50":[0.4074702582745763],"59":[0.5958309265511824],"2":[0.9882066498491504],"10":[0.41659067524749804],"18":[0.40586185843391953],"26":[0.4565836808682162],"27":[0.5852782751088952],"42":[0.6481248851468171],"16":[0.134405816053715],"20":[0.8150092759362157],"19":[0.5398027505760632],"49":[0.46007261304511515],"44":[0.603117925921967],"9":[0.38223440681982157],"31":[0.8487614815550392],"29":[0.44884967287913213],"46":[0.5877409371849182],"57":[0.5364333241357157],"21":[0.42039020956714857],"38":[0.4583712358655629],"24":[0.08571637142779562],"8":[0.057752658258135275],"17":[0.5871856441681542],"37":[0.5022058013262383],"53":[0.727857354673938],"22":[0.5033441255988096],"47":[0.6217804134136911],"14":[0.1733967311122625],"3":[0.5381094455796216],"51":[0.4803831123305188],"33":[0.2019661096896924],"40":[0.7914911336898363],"48":[0.11966639865126744],"15":[0.12672306082542828]}}