{"predicted":{"5":[0.8711674894901775],"56":[0.18115332055635014],"35":[0.4379950375056374],"55":[0.6157191860010308],"60":[0.6573573750374573],"30":[0.5172322808217952],"32":[0.5794127217108614],"6":[0.480035394624918],"45":[0.5139111780914721],"4":[0.10574565606956364],"13":[0.6073679296425292],"54":[0.19615264635527285],"58":[0.387006140298657],"52":[0.5777999479022331],"12":[0.7916538711562899],"28":[0.5226376905312837],"23":[0.3527792749422541],"41":[0.2622917169164829],"43":[0.23219651186525614],"11":[0.7151611441486727],"36":[0.6813705587839383],"39":[0.6730732536284546],"7":[0.6408060096952302],"25":[0.5149193020253476],"34":[0.5057283150066721],"50":[0.178867344093921],"59":[0.6623043327819619],"2":[0.4413201688443262],"10":[0.1742994224052125],"18":[0.3399565715223668],"26":[0.4638881310972669],"27":[0.7604435822042799],"42":[0.47622249521192817],"16":[0.7493851774407296],"20":[0.4975662713238949],"19":[0.34283959131878505],"49":[0.5536397985687591],"44":[0.48923395335154635],"9":[0.4792276004310989],"31":[0.35090887107902735],"29":[0.6562587663888967],"46":[0.7992043945593812],"57":[0.9261109131871726],"21":[0.40396060269308964],"38":[0.6477771707608877],"24":[0.28294576897177304],"8":[0.5352262178510077],"17":[0.2272160363759223],"37":[0.21937898864302094],"53":[0.15739449397142333],"22":[0.5878926219170871],"47":[0.32837593660064296],"14":[0.4860193567129888],"3":[0.578132462333062],"51":[0.45222406537788495],"33":[0.6941473701051073],"40":[0.14964102920885555],"48":[0.7195517670060556],"15":[0.43620226463012035]}}