{"predicted":{"5":[0.5482630218805127],"56":[0.708135201578471],"35":[0.9452936938526703],"55":[0.5226073788298283],"60":[0.3045261295452757],"30":[0.4253877783473994],"32":[0.5268013519404513],"6":[0.30233477976323103],"45":[0.44153598686879514],"4":[0.751437049541873],"13":[0.6932406255810573],"54":[0.584667261490842],"58":[0.22665870279655384],"52":[0.550096443454255],"12":[0.3949883922044578],"28":[0.4588137127407011],"23":[0.5152445236616358],"41":[0.22977656443958316],"43":[0.716972097467327],"11":[0.4905973331712463],"36":[0.33352393976051087],"39":[0.5790792114644784],"7":[0.1989120871276376],"25":[0.5526355750653738],"34":[0.7289510596666137],"50":[0.2817537430538581],"59":[0.4416403902286735],"2":[0.24544009794745147],"10":[0.8166005886301043],"18":[0.19849098919148936],"26":[0.20452235232470753],"27":[0.27862830537010497],"42":[0.5708673026170275],"16":[0.3090046477825672],"20":[0.5535736928940336],"19":[0.6041986635726264],"49":[0.22164134745290773],"44":[0.44473869934912585],"9":[0.327331097808108],"31":[0.646347779488137],"29":[0.3828961052522149],"46":[0.5756309475993883],"57":[0.6497806008287096],"21":[0.7530718534156781],"38":[0.49465113913675274],"24":[0.4150598879658461],"8":[0.39279425658292855],"17":[0.26699494792733364],"37":[0.3660457800623647],"53":[0.5097956514031621],"22":[0.45336786099888793],"47":[0.7119053437191722],"14":[0.7725263806690377],"3":[0.5734500628101898],"51":[0.6097902184924245],"33":[0.565656016463815],"40":[0.6704665203459541],"48":[0.2742277772879731],"15":[0.45914361312112345]}}