{"predicted":{"5":[0.5243094323655623],"56":[0.3654751328472561],"35":[0.19535141810308282],"55":[0.6901033565673345],"60":[0.7502172592090706],"30":[0.6571103069805744],"32":[0.07676851151150066],"6":[0.5276692938584829],"45":[0.6526945784156546],"4":[0.5070303001649812],"13":[0.545611050356035],"54":[0.6520922262191444],"58":[0.4074672068609193],"52":[0.4084342335687752],"12":[0.9290146654160983],"28":[0.08539264897340491],"23":[0.12760292691754163],"41":[0.6058947262288924],"43":[0.1096080800932775],"11":[0.9513383923079954],"36":[0.642020488910412],"39":[0.6012534824394365],"7":[0.9769812402581213],"25":[0.6049013175007412],"34":[0.46889198368204993],"50":[0.44438348329836574],"59":[0.6999404263131341],"2":[0.990262657218531],"10":[0.04521680548188101],"18":[0.4559218440914025],"26":[0.47201843832176593],"27":[0.6542331940438864],"42":[0.8537614370419807],"16":[0.8960577767768334],"20":[0.3673604551422372],"19":[0.8688625781400656],"49":[0.23308714918094664],"44":[0.2088704204820325],"9":[0.5600557854387616],"31":[0.5003810631751443],"29":[0.9123248845275292],"46":[0.22222865530101976],"57":[0.5014601409937115],"21":[0.8874456064083796],"38":[0.49154009894006323],"24":[0.878287161387731],"8":[0.05784591263141922],"17":[0.44196307024347237],"37":[0.5250047828323026],"53":[0.5149953381122363],"22":[0.9510254474068129],"47":[0.6442601409129673],"14":[0.46561710280768154],"3":[0.49969034174779386],"51":[0.5379263214198002],"33":[0.4005416204148639],"40":[0.6938846650162024],"48":[0.5349766780024444],"15":[0.9508378801365696]}}