{"predicted":{"5":[0.6600339753421933],"56":[0.6931538137201974],"35":[0.25203073441111634],"55":[0.4672576420370682],"60":[0.5210325835776772],"30":[0.5340682105843381],"32":[0.6528752326555876],"6":[0.362208166357664],"45":[0.45039879272474437],"4":[0.3096369189441895],"13":[0.5215346934548223],"54":[0.7487893618235794],"58":[0.33304245036508817],"52":[0.3087696396977466],"12":[0.35024473657616806],"28":[0.6114214517709611],"23":[0.5521921327832897],"41":[0.8215230764820464],"43":[0.7012386452055209],"11":[0.44480846761692516],"36":[0.4524655328531785],"39":[0.6814122445066366],"7":[0.42144455874814246],"25":[0.5046886575030723],"34":[0.7161387691047963],"50":[0.3353193562071265],"59":[0.33120395200838],"2":[0.2660076727860444],"10":[0.2834933481572295],"18":[0.6872179132195902],"26":[0.41033242634749256],"27":[0.3927796096506398],"42":[0.2891282363845404],"16":[0.3450097756615482],"20":[0.4102136662868543],"19":[0.615773138402709],"49":[0.25260566385548205],"44":[0.6847076882379177],"9":[0.47420008049855256],"31":[0.18173612947327156],"29":[0.7729002237666946],"46":[0.35154138912472105],"57":[0.47798224420209984],"21":[0.5298613348037668],"38":[0.6422729342197608],"24":[0.7636052357711842],"8":[0.7465634215851017],"17":[0.35865439495425533],"37":[0.6075990513071751],"53":[0.4389693806524637],"22":[0.4793299418564049],"47":[0.2141516639281334],"14":[0.4938422634666254],"3":[0.3640075224911909],"51":[0.5281098907715454],"33":[0.2908691834900088],"40":[0.6482482310667346],"48":[0.396503843307221],"15":[0.3585359463427765]}}